host_unix,host_time,seq,up_ms,temp_c,press_hpa,alt_baro_m,alt_fused_m,vel_m_s,speed_m_s,az_m_s2,lax_m_s2,lay_m_s2,laz_m_s2,gx_m_s2,gy_m_s2,gz_m_s2,heading,roll,pitch,calib,vstate,elev,servo_deg,rudder_deg,throttle
1787613886.858777,08:24:46.858,623,66.453,27.87,1010.99,18.831,0.0,0.0,0.0,-7.73,-2.07,-2.83,-7.73,-1.58,2.61,9.31,87.0,14.93,-9.06,0,0,0,0.0,0.0,0.0
1787613886.960136,08:24:46.960,624,66.553,27.87,1010.99,18.831,0.0,0.0,0.0,5.01,-0.7,-1.08,5.01,-4.53,0.06,8.69,83.68,3.81,-24.81,0,0,0,0.0,0.0,0.0
1787613887.060757,08:24:47.060,625,66.653,27.86,1010.99,18.831,0.0,0.0,0.0,13.07,3.37,1.05,13.07,-4.75,-2.94,8.05,81.31,-19.68,-30.5,0,0,0,0.0,0.0,0.0
1787613887.162485,08:24:47.162,626,66.753,27.86,1010.99,18.831,0.0,0.0,0.0,1.16,-4.2,-3.92,1.16,-1.81,0.64,9.61,91.68,3.81,-10.68,0,0,0,0.0,0.0,0.0
1787613887.263993,08:24:47.263,627,66.853,27.86,1011.0,18.749,0.0,0.0,0.0,-12.81,0.34,-7.66,-12.81,-1.32,4.46,8.62,92.18,27.31,-7.75,0,0,0,0.0,0.0,0.0
1787613887.365443,08:24:47.365,628,66.953,27.86,1011.0,18.749,0.0,0.0,0.0,7.67,-3.33,-1.78,7.67,-6.06,-1.11,7.62,94.93,-8.31,-38.12,0,0,0,0.0,0.0,0.0
1787613887.466688,08:24:47.466,629,67.053,27.86,1011.0,18.749,0.0,0.0,0.0,16.64,-4.45,-4.74,16.64,-4.8,-3.6,7.75,82.31,-24.87,-29.25,0,0,0,0.0,0.0,0.0
1787613887.567719,08:24:47.567,630,67.153,27.86,1011.0,18.749,0.0,0.0,0.0,-22.56,-0.83,-8.08,-22.56,-0.9,5.53,8.04,92.75,34.43,-5.25,0,0,0,0.0,0.0,0.0
1787613887.669026,08:24:47.669,631,67.253,27.86,1011.0,18.749,0.0,0.0,0.0,-2.0,-3.2,-12.96,-2.0,-4.43,1.44,8.62,93.93,9.43,-26.87,0,0,0,0.0,0.0,0.0
1787613887.769821,08:24:47.769,632,67.353,27.86,1011.0,18.749,0.0,0.0,0.0,22.04,2.25,-1.54,22.04,-6.09,-4.85,5.95,90.87,-39.18,-38.37,0,0,0,0.0,0.0,0.0
1787613887.871247,08:24:47.871,633,67.453,27.84,1010.99,18.831,0.0,0.0,0.0,-1.9,-2.88,-8.46,-1.9,-1.53,1.36,9.58,91.43,8.12,-8.93,0,0,0,0.0,0.0,0.0
1787613887.972598,08:24:47.972,634,67.553,27.84,1010.99,18.831,0.0,0.0,0.0,-10.29,-0.05,-9.02,-10.29,-1.41,4.55,8.57,92.06,27.93,-8.25,0,0,0,0.0,0.0,0.0
1787613888.073771,08:24:48.073,635,67.653,27.83,1011.0,18.749,0.0,0.0,0.0,14.98,-8.77,2.94,14.98,-6.34,-3.79,6.44,102.31,-30.5,-40.25,0,0,0,0.0,0.0,0.0
1787613888.175019,08:24:48.175,636,67.753,27.83,1011.0,18.749,0.0,0.0,0.0,11.08,-6.22,1.48,11.08,-5.67,-4.63,6.51,96.31,-35.43,-35.31,0,0,0,0.0,0.0,0.0
1787613888.276394,08:24:48.276,637,67.853,27.83,1011.01,18.665,0.0,0.0,0.0,-10.48,-3.37,-6.53,-10.48,-1.27,2.61,9.36,93.93,10.81,-9.06,0,0,0,0.0,0.0,0.0
1787613888.377742,08:24:48.377,638,67.953,27.83,1011.01,18.665,0.0,0.0,0.0,-1.17,0.2,-1.34,-1.17,-1.37,4.61,8.54,92.75,28.62,-7.06,0,0,0,0.0,0.0,0.0
1787613888.478266,08:24:48.478,639,68.053,27.82,1011.02,18.583,0.0,0.0,0.0,2.14,3.54,1.29,2.14,-1.25,5.28,8.16,91.75,31.18,-8.25,0,0,0,0.0,0.0,0.0
1787613888.579591,08:24:48.579,640,68.153,27.82,1011.02,18.583,0.0,0.0,0.0,0.4,-0.99,0.01,0.4,-0.82,7.01,6.8,89.37,45.81,-4.81,0,0,0,0.0,0.0,0.0
1787613888.680911,08:24:48.680,641,68.253,27.81,1011.0,18.749,0.0,0.0,0.0,-3.7,-1.53,-2.81,-3.7,-1.22,8.04,5.47,89.75,55.68,-7.12,0,0,0,0.0,0.0,0.0
1787613888.781781,08:24:48.781,642,68.353,27.81,1011.0,18.749,0.0,0.0,0.0,-10.68,2.58,-9.47,-10.68,-2.83,7.54,5.58,91.06,53.43,-16.75,0,0,0,0.0,0.0,0.0
1787613888.883189,08:24:48.883,643,68.453,27.79,1011.01,18.665,0.0,0.0,0.0,6.83,-6.28,-9.5,6.83,-6.59,0.06,7.25,103.75,0.43,-42.18,0,0,0,0.0,0.0,0.0
1787613888.984370,08:24:48.984,644,68.553,27.79,1011.01,18.665,0.0,0.0,0.0,17.17,-7.86,0.49,17.17,-5.92,-5.76,5.27,106.93,-47.5,-37.18,0,0,0,0.0,0.0,0.0
1787613889.085726,08:24:49.085,645,68.653,27.79,1011.06,18.25,0.0,0.0,0.0,9.49,-4.93,-6.65,9.49,-3.94,-1.53,8.84,99.62,-9.81,-23.68,0,0,0,0.0,0.0,0.0
1787613889.187056,08:24:49.187,646,68.753,27.79,1011.06,18.25,0.0,0.0,0.0,-11.9,-1.32,-8.22,-11.9,-0.68,6.94,6.88,92.62,45.18,-3.93,0,0,0,0.0,0.0,0.0
1787613889.288509,08:24:49.288,647,68.853,27.79,1011.05,18.332,0.0,0.0,0.0,-9.36,2.28,-9.44,-9.36,-1.29,7.84,5.74,84.75,53.75,-7.56,0,0,0,0.0,0.0,0.0
1787613889.389840,08:24:49.389,648,68.953,27.79,1011.05,18.332,0.0,0.0,0.0,3.65,-4.69,-8.84,3.65,-6.62,1.6,7.05,98.62,12.81,-42.43,0,0,0,0.0,0.0,0.0
1787613889.491194,08:24:49.491,649,69.053,27.77,1011.01,18.665,0.0,0.0,0.0,20.98,-10.04,3.57,20.98,-6.36,-4.95,5.58,104.37,-41.56,-40.43,0,0,0,0.0,0.0,0.0
1787613889.591627,08:24:49.591,650,69.153,27.77,1011.01,18.665,0.0,0.0,0.0,-6.57,-5.38,-7.46,-6.57,-1.46,1.62,9.55,96.68,9.56,-8.56,0,0,0,0.0,0.0,0.0
1787613889.692900,08:24:49.692,651,69.253,27.76,1011.04,18.416,0.0,0.0,0.0,-12.67,0.54,-6.8,-12.67,-0.72,5.29,8.22,93.68,32.75,-4.18,0,0,0,0.0,0.0,0.0
1787613889.794215,08:24:49.794,652,69.353,27.76,1011.04,18.416,0.0,0.0,0.0,3.43,-7.14,-7.89,3.43,-6.46,-1.73,7.16,103.81,-13.56,-41.18,0,0,0,0.0,0.0,0.0
1787613889.895611,08:24:49.895,653,69.453,27.75,1011.01,18.665,0.0,0.0,0.0,23.77,-7.3,-2.05,23.77,-6.75,-6.62,2.6,104.5,-70.93,-44.0,0,0,0,0.0,0.0,0.0
1787613889.996897,08:24:49.996,654,69.553,27.75,1011.01,18.665,0.0,0.0,0.0,-0.32,-7.58,-11.34,-0.32,-2.59,0.78,9.42,98.31,-1.75,-18.75,0,0,0,0.0,0.0,0.0
1787613890.097596,08:24:50.097,655,69.653,27.75,1011.05,18.332,0.0,0.0,0.0,-8.03,1.87,-6.69,-8.03,0.0,6.8,7.06,90.0,42.81,0.5,0,0,0,0.0,0.0,0.0
1787613890.198588,08:24:50.198,656,69.753,27.75,1011.05,18.332,0.0,0.0,0.0,-3.29,0.04,-13.81,-3.29,-4.22,3.33,8.19,91.87,27.81,-21.0,0,0,0,0.0,0.0,0.0
1787613890.299863,08:24:50.299,657,69.853,27.74,1011.03,18.498,0.0,0.0,0.0,10.63,-4.52,-1.41,10.63,-6.51,-5.13,5.23,109.0,-44.37,-41.56,0,0,0,0.0,0.0,0.0
1787613890.401023,08:24:50.401,658,69.953,27.74,1011.03,18.498,0.0,0.0,0.0,13.04,-0.81,-1.69,13.04,-6.34,-5.58,4.97,105.68,-48.25,-40.31,0,0,0,0.0,0.0,0.0
1787613890.502121,08:24:50.502,659,70.053,27.73,1011.04,18.416,0.0,0.0,0.0,-9.75,-13.4,-15.21,-9.75,-1.75,3.87,8.83,100.93,23.68,-10.25,0,0,0,0.0,0.0,0.0
1787613890.603470,08:24:50.603,660,70.153,27.73,1011.04,18.416,0.0,0.0,0.0,-7.77,0.36,-6.43,-7.77,-0.61,6.58,7.23,89.62,42.31,-3.56,0,0,0,0.0,0.0,0.0
1787613890.704809,08:24:50.704,661,70.253,27.73,1011.05,18.332,0.0,0.0,0.0,17.17,-8.05,10.64,17.17,-4.84,1.13,8.45,97.62,7.62,-29.56,0,0,0,0.0,0.0,0.0
1787613890.806187,08:24:50.806,662,70.353,27.73,1011.05,18.332,0.0,0.0,0.0,-6.23,2.01,-7.23,-6.23,0.88,5.57,8.02,84.81,34.75,5.12,0,0,0,0.0,0.0,0.0
1787613890.907632,08:24:50.907,663,70.453,27.71,1011.05,18.332,0.0,0.0,0.0,-11.05,-1.19,-11.29,-11.05,-1.35,5.3,8.13,89.87,33.12,-7.93,0,0,0,0.0,0.0,0.0
1787613891.008308,08:24:51.008,664,70.553,27.71,1011.05,18.332,0.0,0.0,0.0,10.77,-8.79,-2.21,10.77,-6.24,-4.61,5.98,107.18,-37.62,-39.56,0,0,0,0.0,0.0,0.0
1787613891.108930,08:24:51.108,665,70.653,27.7,1011.03,18.498,0.0,0.0,0.0,11.81,-2.88,-6.25,11.81,-5.44,-5.58,5.93,100.43,-43.25,-33.68,0,0,0,0.0,0.0,0.0
1787613891.209391,08:24:51.209,666,70.753,27.7,1011.03,18.498,0.0,0.0,0.0,-14.39,-7.33,-9.73,-14.39,-0.8,4.32,8.76,101.0,26.25,-4.68,0,0,0,0.0,0.0,0.0
1787613891.310703,08:24:51.310,667,70.853,27.69,1011.01,18.665,0.0,0.0,0.0,-7.29,-0.77,-14.35,-7.29,-2.43,4.11,8.56,97.5,25.62,-14.37,0,0,0,0.0,0.0,0.0
1787613891.412119,08:24:51.412,668,70.953,27.69,1011.01,18.665,0.0,0.0,0.0,12.68,-8.64,-1.55,12.68,-6.13,-6.12,4.57,116.75,-53.25,-38.75,0,0,0,0.0,0.0,0.0
1787613891.513467,08:24:51.513,669,71.053,27.68,1011.02,18.583,0.0,0.0,0.0,4.39,-3.11,-3.88,4.39,-5.75,-5.33,5.88,110.87,-42.12,-35.87,0,0,0,0.0,0.0,0.0
1787613891.614389,08:24:51.614,670,71.153,27.68,1011.02,18.583,0.0,0.0,0.0,-0.51,-7.76,-10.42,-0.51,-1.66,3.16,9.13,104.0,19.06,-9.75,0,0,0,0.0,0.0,0.0
1787613891.715731,08:24:51.715,671,71.253,27.66,1011.01,18.665,0.0,0.0,0.0,-7.21,0.83,-6.82,-7.21,-0.19,6.7,7.15,98.06,44.0,0.12,0,0,0,0.0,0.0,0.0
1787613891.816645,08:24:51.816,672,71.353,27.66,1011.01,18.665,0.0,0.0,0.0,2.04,-5.17,-11.78,2.04,-4.91,0.37,8.47,107.06,9.43,-26.43,0,0,0,0.0,0.0,0.0
1787613891.917681,08:24:51.917,673,71.453,27.64,1011.03,18.498,0.0,0.0,0.0,21.46,-0.85,-3.17,21.46,-5.64,-5.14,6.15,114.18,-43.81,-35.37,0,0,0,0.0,0.0,0.0
1787613892.018996,08:24:52.018,674,71.553,27.64,1011.03,18.498,0.0,0.0,0.0,-4.75,-2.2,-7.91,-4.75,-1.55,4.33,8.65,104.75,22.0,-11.18,0,0,0,0.0,0.0,0.0
1787613892.120313,08:24:52.120,675,71.653,27.64,1011.02,18.583,0.0,0.0,0.0,-10.06,1.34,-6.96,-10.06,-1.31,6.0,7.64,95.25,40.06,-6.37,0,0,0,0.0,0.0,0.0
1787613892.221680,08:24:52.221,676,71.753,27.64,1011.02,18.583,0.0,0.0,0.0,14.44,-3.68,0.29,14.44,-5.75,-2.27,7.61,101.0,-8.81,-34.43,0,0,0,0.0,0.0,0.0
1787613892.323044,08:24:52.323,677,71.853,27.63,1011.02,18.583,0.0,0.0,0.0,5.17,-2.37,0.02,5.17,-4.93,-2.88,7.96,104.37,-24.06,-31.0,0,0,0,0.0,0.0,0.0
1787613892.424405,08:24:52.424,678,71.953,27.63,1011.02,18.583,0.0,0.0,0.0,-3.35,4.6,-2.71,-3.35,-4.45,0.59,8.71,99.31,3.81,-27.0,0,0,0,0.0,0.0,0.0
1787613892.524980,08:24:52.524,679,72.053,27.62,1011.01,18.665,0.0,0.0,0.0,1.88,0.22,1.37,1.88,-5.04,-0.15,8.4,99.06,-1.0,-30.93,0,0,0,0.0,0.0,0.0
1787613892.625986,08:24:52.625,680,72.153,27.62,1011.01,18.665,0.0,0.0,0.0,0.45,0.36,1.73,0.45,-4.8,0.31,8.54,96.5,2.12,-29.31,0,0,0,0.0,0.0,0.0
1787613892.626200,08:24:52.626,681,72.253,27.63,1011.04,18.416,0.0,0.0,0.0,-2.16,3.34,-0.48,-2.16,-4.34,0.9,8.74,94.06,5.87,-26.25,0,0,0,0.0,0.0,0.0
1787613892.727404,08:24:52.727,682,72.353,27.63,1011.04,18.416,0.0,0.0,0.0,-0.7,1.17,-0.6,-0.7,-4.22,0.54,8.83,94.06,3.5,-25.43,0,0,0,0.0,0.0,0.0
1787613892.929621,08:24:52.929,683,72.453,27.63,1011.02,18.583,0.0,0.0,0.0,-2.22,5.4,-0.51,-2.22,-4.15,-0.07,8.88,91.18,-0.5,-25.0,0,0,0,0.0,0.0,0.0
1787613892.929916,08:24:52.929,684,72.553,27.63,1011.02,18.583,0.0,0.0,0.0,1.95,3.0,0.41,1.95,-3.5,-1.23,9.07,90.25,-7.68,-20.93,0,0,0,0.0,0.0,0.0
1787613893.031137,08:24:53.031,685,72.653,27.64,1011.03,18.498,0.0,0.0,0.0,6.87,-1.69,2.76,6.87,-2.3,-2.32,9.24,88.56,-14.06,-13.56,0,0,0,0.0,0.0,0.0
1787613893.132423,08:24:53.132,686,72.753,27.64,1011.03,18.498,0.0,0.0,0.0,8.19,-1.98,2.3,8.19,-1.53,-1.74,9.52,84.31,-10.37,-9.0,0,0,0,0.0,0.0,0.0
1787613893.334339,08:24:53.334,687,72.853,27.64,1011.04,18.416,0.0,0.0,0.0,4.77,2.29,0.76,4.77,-1.4,0.36,9.69,79.37,2.12,-8.25,0,0,0,0.0,0.0,0.0
1787613893.334557,08:24:53.334,688,72.953,27.64,1011.04,18.416,0.0,0.0,0.0,-1.8,2.35,-1.62,-1.8,-2.61,2.35,9.15,80.18,13.5,-14.56,0,0,0,0.0,0.0,0.0
1787613893.435920,08:24:53.435,689,73.053,27.63,1011.01,18.665,0.0,0.0,0.0,-7.82,5.86,-4.26,-7.82,-4.18,3.44,8.17,80.5,22.06,-24.62,0,0,0,0.0,0.0,0.0
1787613893.536755,08:24:53.536,690,73.153,27.63,1011.01,18.665,0.0,0.0,0.0,-7.53,1.5,-3.85,-7.53,-4.63,3.08,8.07,83.68,21.62,-28.43,0,0,0,0.0,0.0,0.0
1787613893.637299,08:24:53.637,691,73.253,27.62,1010.99,18.831,0.0,0.0,0.0,-2.62,4.64,-1.71,-2.62,-3.56,1.67,8.97,81.37,11.5,-22.31,0,0,0,0.0,0.0,0.0
1787613893.737791,08:24:53.737,692,73.353,27.62,1010.99,18.831,0.0,0.0,0.0,6.15,1.56,1.72,6.15,-2.16,-0.17,9.56,78.0,0.0,-13.56,0,0,0,0.0,0.0,0.0
1787613893.838315,08:24:53.838,693,73.453,27.62,1011.04,18.416,0.0,0.0,0.0,13.31,-5.74,3.76,13.31,-1.43,-1.41,9.59,77.43,-7.62,-8.43,0,0,0,0.0,0.0,0.0
1787613893.938937,08:24:53.938,694,73.553,27.62,1011.04,18.416,0.0,0.0,0.0,6.48,-1.04,0.47,6.48,-1.86,-0.43,9.61,75.12,-3.5,-10.37,0,0,0,0.0,0.0,0.0
1787613894.040398,08:24:54.040,695,73.653,27.61,1011.06,18.25,0.0,0.0,0.0,0.25,3.65,-1.48,0.25,-3.01,1.39,9.22,71.93,8.56,-17.87,0,0,0,0.0,0.0,0.0
1787613894.141699,08:24:54.141,696,73.753,27.61,1011.06,18.25,0.0,0.0,0.0,-6.91,5.47,-4.13,-6.91,-3.83,3.3,8.4,70.06,21.43,-22.93,0,0,0,0.0,0.0,0.0
1787613894.242754,08:24:54.242,697,73.853,27.62,1011.06,18.25,0.0,0.0,0.0,-7.61,4.92,-4.88,-7.61,-4.59,3.01,8.12,72.31,20.37,-27.93,0,0,0,0.0,0.0,0.0
1787613894.344435,08:24:54.344,698,73.953,27.62,1011.06,18.25,0.0,0.0,0.0,-3.4,4.6,-2.61,-3.4,-4.38,1.31,8.67,74.0,8.56,-26.56,0,0,0,0.0,0.0,0.0
1787613894.446969,08:24:54.446,699,74.053,27.59,1011.03,18.498,0.0,0.0,0.0,6.82,-0.26,1.34,6.82,-2.65,-0.67,9.41,74.37,-4.06,-15.68,0,0,0,0.0,0.0,0.0
1787613894.548786,08:24:54.548,700,74.153,27.59,1011.03,18.498,0.0,0.0,0.0,13.7,-4.52,3.66,13.7,-1.76,-1.15,9.57,73.12,-6.87,-10.31,0,0,0,0.0,0.0,0.0
1787613894.649940,08:24:54.649,701,74.253,27.59,1011.03,18.498,0.0,0.0,0.0,2.87,3.44,-0.44,2.87,-2.2,0.78,9.52,68.81,4.68,-12.93,0,0,0,0.0,0.0,0.0
1787613894.750567,08:24:54.750,702,74.353,27.59,1011.03,18.498,0.0,0.0,0.0,-2.72,4.18,-3.1,-2.72,-3.84,2.5,8.66,69.93,16.06,-23.06,0,0,0,0.0,0.0,0.0
1787613894.852138,08:24:54.852,703,74.453,27.58,1011.03,18.498,0.0,0.0,0.0,-8.2,4.14,-5.34,-8.2,-4.78,3.62,7.75,71.37,25.06,-29.18,0,0,0,0.0,0.0,0.0
1787613894.954403,08:24:54.954,704,74.553,27.58,1011.03,18.498,0.0,0.0,0.0,-5.57,5.25,-4.73,-5.57,-5.23,2.87,7.77,71.56,20.25,-32.25,0,0,0,0.0,0.0,0.0
1787613895.057769,08:24:55.057,705,74.653,27.57,1011.06,18.25,0.0,0.0,0.0,4.63,3.06,-1.36,4.63,-4.07,0.62,8.89,71.25,5.87,-26.0,0,0,0,0.0,0.0,0.0
1787613895.160523,08:24:55.160,706,74.753,27.57,1011.06,18.25,0.0,0.0,0.0,17.09,-7.18,4.6,17.09,-1.94,-1.5,9.49,71.75,-7.81,-12.25,0,0,0,0.0,0.0,0.0
1787613895.262554,08:24:55.262,707,74.853,27.55,1011.04,18.416,0.0,0.0,0.0,9.07,1.65,1.59,9.07,-1.58,-0.65,9.65,69.0,-5.31,-9.18,0,0,0,0.0,0.0,0.0
1787613895.364135,08:24:55.364,708,74.953,27.55,1011.04,18.416,0.0,0.0,0.0,-1.14,5.17,-2.88,-1.14,-2.39,2.28,9.23,66.5,12.06,-13.25,0,0,0,0.0,0.0,0.0
1787613895.466132,08:24:55.466,709,75.053,27.56,1011.04,18.416,0.0,0.0,0.0,-8.13,5.38,-5.25,-8.13,-4.02,3.75,8.11,69.12,24.43,-23.0,0,0,0,0.0,0.0,0.0
1787613895.567934,08:24:55.567,710,75.153,27.56,1011.04,18.416,0.0,0.0,0.0,-9.99,4.39,-6.44,-9.99,-4.67,2.98,8.09,73.25,21.18,-28.68,0,0,0,0.0,0.0,0.0
1787613895.669975,08:24:55.669,711,75.253,27.55,1010.98,18.916,0.0,0.0,0.0,0.45,5.29,-3.62,0.45,-3.97,0.85,8.92,71.06,5.43,-23.93,0,0,0,0.0,0.0,0.0
1787613895.772606,08:24:55.772,712,75.353,27.55,1010.98,18.916,0.0,0.0,0.0,14.85,-3.18,2.94,14.85,-2.68,-1.9,9.23,69.68,-11.62,-15.81,0,0,0,0.0,0.0,0.0
1787613895.874229,08:24:55.874,713,75.453,27.54,1011.05,18.332,0.0,0.0,0.0,10.16,-1.56,2.36,10.16,-1.95,-1.48,9.49,65.62,-8.87,-11.5,0,0,0,0.0,0.0,0.0
1787613895.975023,08:24:55.975,714,75.553,27.54,1011.05,18.332,0.0,0.0,0.0,3.2,3.54,-1.13,3.2,-2.65,0.95,9.39,65.0,5.81,-15.68,0,0,0,0.0,0.0,0.0
1787613896.076773,08:24:56.076,715,75.653,27.53,1011.04,18.416,0.0,0.0,0.0,-6.45,4.49,-5.73,-6.45,-3.62,3.61,8.36,67.37,23.37,-21.68,0,0,0,0.0,0.0,0.0
1787613896.177495,08:24:56.177,716,75.753,27.53,1011.04,18.416,0.0,0.0,0.0,-9.76,4.22,-6.29,-9.76,-4.49,4.27,7.59,69.93,29.37,-27.25,0,0,0,0.0,0.0,0.0
1787613896.278593,08:24:56.278,717,75.853,27.52,1011.02,18.583,0.0,0.0,0.0,-4.62,7.24,-5.65,-4.62,-3.98,2.88,8.48,68.0,18.68,-23.93,0,0,0,0.0,0.0,0.0
1787613896.381438,08:24:56.381,718,75.953,27.52,1011.02,18.583,0.0,0.0,0.0,6.12,0.6,-1.07,6.12,-2.84,-0.61,9.36,67.68,-3.75,-16.87,0,0,0,0.0,0.0,0.0
1787613896.483878,08:24:56.483,719,76.053,27.5,1011.02,18.583,0.0,0.0,0.0,17.77,-3.49,5.74,17.77,-2.32,-2.92,9.06,63.5,-17.87,-13.68,0,0,0,0.0,0.0,0.0
1787613896.585520,08:24:56.585,720,76.153,27.5,1011.02,18.583,0.0,0.0,0.0,7.07,0.22,-0.24,7.07,-2.38,-1.49,9.39,60.25,-9.06,-14.06,0,0,0,0.0,0.0,0.0
1787613896.688011,08:24:56.688,721,76.253,27.5,1011.03,18.498,0.0,0.0,0.0,-0.78,3.43,-4.12,-0.78,-3.85,1.62,8.86,60.43,10.31,-23.12,0,0,0,0.0,0.0,0.0
1787613896.789461,08:24:56.789,722,76.353,27.5,1011.03,18.498,0.0,0.0,0.0,-7.67,5.29,-6.57,-7.67,-4.79,3.75,7.68,62.68,25.43,-28.56,0,0,0,0.0,0.0,0.0
1787613896.890518,08:24:56.890,723,76.453,27.49,1011.02,18.583,0.0,0.0,0.0,-7.12,5.73,-6.79,-7.12,-5.41,3.51,7.38,65.25,26.18,-33.5,0,0,0,0.0,0.0,0.0
